Timestamp,Ball_Position
2024-02-18 23:45:15.988904,"(213, 243)"
2024-02-18 23:45:16.434770,"(211, 262)"
2024-02-18 23:45:16.737091,"(209, 288)"
2024-02-18 23:45:17.039305,"(207, 323)"
2024-02-18 23:45:17.691818,"(200, 407)"
2024-02-18 23:45:18.030675,"(198, 455)"
2024-02-18 23:45:18.357455,"(194, 508)"
2024-02-18 23:45:18.683430,"(191, 561)"
2024-02-18 23:45:18.990855,"(194, 517)"
2024-02-18 23:45:19.635814,"(199, 434)"
2024-02-18 23:45:19.944953,"(202, 400)"
2024-02-18 23:45:20.446529,"(205, 369)"
2024-02-18 23:45:20.754179,"(207, 342)"
2024-02-18 23:45:21.067620,"(211, 320)"
2024-02-18 23:45:21.440549,"(213, 305)"
2024-02-18 23:45:21.746642,"(215, 300)"
2024-02-18 23:45:22.068121,"(215, 308)"
2024-02-18 23:45:22.995488,"(212, 405)"
2024-02-18 23:45:23.287508,"(211, 446)"
2024-02-18 23:45:23.878029,"(206, 546)"
2024-02-18 23:45:24.210869,"(204, 547)"
2024-02-18 23:45:24.517211,"(203, 505)"
2024-02-18 23:45:24.828264,"(201, 463)"
2024-02-18 23:45:25.150659,"(200, 425)"
2024-02-18 23:45:25.465926,"(198, 392)"
2024-02-18 23:45:25.766013,"(197, 363)"
2024-02-18 23:45:26.407329,"(193, 324)"
2024-02-18 23:45:26.704340,"(191, 320)"
2024-02-18 23:45:26.996536,"(189, 328)"
2024-02-18 23:45:27.294780,"(186, 351)"
2024-02-18 23:45:27.597665,"(183, 386)"
2024-02-18 23:45:27.894083,"(181, 426)"
2024-02-18 23:45:28.185598,"(178, 469)"
2024-02-18 23:45:28.796558,"(172, 567)"
2024-02-18 23:45:29.117208,"(173, 520)"
2024-02-18 23:45:29.460026,"(173, 475)"
2024-02-18 23:45:29.827910,"(173, 441)"
2024-02-18 23:45:30.267721,"(173, 407)"
2024-02-18 23:45:30.815915,"(173, 377)"
2024-02-18 23:45:31.391038,"(173, 352)"
2024-02-18 23:45:31.933993,"(172, 333)"
2024-02-18 23:45:32.486046,"(172, 320)"
2024-02-18 23:45:33.048370,"(172, 318)"
2024-02-18 23:45:34.010096,"(173, 366)"
2024-02-18 23:45:34.443506,"(172, 411)"
2024-02-18 23:45:35.973485,"(169, 570)"
2024-02-18 23:45:37.730996,"(181, 412)"
2024-02-18 23:45:38.068264,"(184, 379)"
2024-02-18 23:45:38.459320,"(187, 351)"
2024-02-18 23:45:39.004256,"(189, 327)"
2024-02-18 23:45:39.508737,"(192, 310)"
2024-02-18 23:45:40.170692,"(196, 312)"
2024-02-18 23:45:40.480381,"(199, 339)"
2024-02-18 23:45:40.837178,"(200, 380)"
2024-02-18 23:45:41.158459,"(200, 425)"
2024-02-18 23:45:41.464880,"(201, 471)"
2024-02-18 23:45:41.779930,"(201, 520)"
2024-02-18 23:45:42.311521,"(201, 588)"
2024-02-18 23:45:42.628326,"(201, 543)"
2024-02-18 23:45:43.653707,"(202, 455)"
2024-02-18 23:45:44.039991,"(203, 422)"
2024-02-18 23:45:44.610434,"(204, 389)"
2024-02-18 23:45:45.158398,"(204, 360)"
2024-02-18 23:45:45.708370,"(205, 338)"
2024-02-18 23:45:46.087338,"(205, 321)"
2024-02-18 23:45:46.389541,"(203, 321)"
2024-02-18 23:45:46.684586,"(201, 334)"
2024-02-18 23:45:46.986528,"(198, 365)"
2024-02-18 23:45:47.282482,"(193, 409)"
2024-02-18 23:45:47.578968,"(188, 456)"
2024-02-18 23:45:47.888923,"(182, 507)"
2024-02-18 23:45:48.190005,"(178, 563)"
2024-02-18 23:45:48.563479,"(174, 576)"
2024-02-18 23:45:48.906853,"(176, 526)"
2024-02-18 23:45:49.204547,"(172, 483)"
2024-02-18 23:45:49.529338,"(171, 443)"
2024-02-18 23:45:49.890898,"(170, 409)"
2024-02-18 23:45:50.237795,"(170, 378)"
2024-02-18 23:45:50.566583,"(169, 352)"
2024-02-18 23:45:50.953252,"(168, 332)"
2024-02-18 23:45:51.298430,"(168, 320)"
2024-02-18 23:45:51.630122,"(168, 315)"
2024-02-18 23:45:51.953681,"(169, 319)"
2024-02-18 23:45:52.429254,"(168, 336)"
2024-02-18 23:45:52.720418,"(169, 367)"
2024-02-18 23:45:53.010919,"(171, 412)"
2024-02-18 23:45:53.307514,"(170, 451)"
2024-02-18 23:45:53.972534,"(167, 561)"
2024-02-18 23:45:54.609661,"(175, 542)"
2024-02-18 23:45:55.206376,"(180, 456)"
2024-02-18 23:45:55.499155,"(182, 421)"
2024-02-18 23:45:55.826949,"(185, 389)"
2024-02-18 23:45:56.231500,"(187, 362)"
2024-02-18 23:45:56.547877,"(189, 342)"
2024-02-18 23:45:56.838819,"(191, 326)"
2024-02-18 23:45:57.316234,"(192, 322)"
2024-02-18 23:45:57.609442,"(192, 334)"
2024-02-18 23:45:57.901704,"(192, 360)"
2024-02-18 23:45:58.250557,"(191, 400)"
2024-02-18 23:45:58.542284,"(187, 448)"
2024-02-18 23:45:58.833800,"(185, 500)"
2024-02-18 23:45:59.129345,"(183, 550)"
2024-02-18 23:45:59.423477,"(178, 609)"
2024-02-18 23:45:59.716418,"(179, 557)"
2024-02-18 23:46:00.009498,"(178, 514)"
2024-02-18 23:46:00.340946,"(177, 469)"
2024-02-18 23:46:00.634150,"(175, 433)"
2024-02-18 23:46:00.927064,"(174, 397)"
2024-02-18 23:46:01.232319,"(172, 367)"
2024-02-18 23:46:01.632525,"(171, 343)"
2024-02-18 23:46:01.951648,"(169, 326)"
2024-02-18 23:46:02.350277,"(168, 316)"
2024-02-18 23:46:02.693457,"(167, 316)"
2024-02-18 23:46:03.022757,"(165, 324)"
2024-02-18 23:46:03.315868,"(162, 343)"
2024-02-18 23:46:03.607562,"(159, 376)"
2024-02-18 23:46:03.899255,"(155, 423)"
2024-02-18 23:46:04.494976,"(149, 524)"
2024-02-18 23:46:04.788199,"(145, 589)"
2024-02-18 23:46:05.079393,"(146, 579)"
2024-02-18 23:46:05.677500,"(153, 482)"
2024-02-18 23:46:05.970733,"(157, 440)"
2024-02-18 23:46:06.333578,"(160, 404)"
2024-02-18 23:46:06.625462,"(163, 371)"
2024-02-18 23:46:06.916420,"(166, 344)"
2024-02-18 23:46:07.228140,"(169, 327)"
2024-02-18 23:46:07.589289,"(172, 322)"
2024-02-18 23:46:07.924979,"(175, 329)"
2024-02-18 23:46:08.240603,"(177, 349)"
2024-02-18 23:46:08.988257,"(180, 434)"
2024-02-18 23:46:10.063990,"(179, 603)"
2024-02-18 23:46:10.358308,"(180, 567)"
2024-02-18 23:46:11.272894,"(191, 440)"
2024-02-18 23:46:11.566120,"(194, 404)"
2024-02-18 23:46:11.924486,"(197, 373)"
2024-02-18 23:46:12.234377,"(200, 347)"
2024-02-18 23:46:12.535662,"(202, 328)"
2024-02-18 23:46:12.828895,"(205, 316)"
2024-02-18 23:46:13.187962,"(207, 315)"
2024-02-18 23:46:13.536458,"(211, 328)"
2024-02-18 23:46:13.831032,"(216, 351)"
2024-02-18 23:46:14.124724,"(221, 389)"
2024-02-18 23:46:14.418050,"(225, 437)"
2024-02-18 23:46:15.418290,"(233, 601)"
2024-02-18 23:46:15.711487,"(237, 568)"
2024-02-18 23:46:16.015443,"(244, 518)"
2024-02-18 23:46:16.341966,"(248, 476)"
2024-02-18 23:46:16.635887,"(253, 439)"
2024-02-18 23:46:16.946822,"(257, 403)"
2024-02-18 23:46:18.116852,"(272, 309)"
2024-02-18 23:46:18.408990,"(274, 306)"
2024-02-18 23:46:18.704333,"(276, 318)"
2024-02-18 23:46:18.995810,"(277, 342)"
2024-02-18 23:46:19.286667,"(278, 379)"
2024-02-18 23:46:19.578364,"(279, 422)"
2024-02-18 23:46:19.872339,"(280, 468)"
2024-02-18 23:46:20.182324,"(281, 515)"
2024-02-18 23:46:20.588811,"(281, 569)"
2024-02-18 23:46:20.882721,"(282, 618)"
2024-02-18 23:46:21.175128,"(289, 563)"
2024-02-18 23:46:21.473081,"(295, 517)"
2024-02-18 23:46:21.797109,"(303, 474)"
2024-02-18 23:46:22.127367,"(309, 442)"
2024-02-18 23:46:22.456725,"(316, 410)"
2024-02-18 23:46:22.785793,"(322, 384)"
2024-02-18 23:46:23.114702,"(328, 362)"
2024-02-18 23:46:23.467831,"(334, 346)"
2024-02-18 23:46:23.797516,"(337, 345)"
2024-02-18 23:46:24.127328,"(338, 366)"
2024-02-18 23:46:24.455802,"(331, 404)"
2024-02-18 23:46:24.782436,"(324, 449)"
2024-02-18 23:46:25.111750,"(316, 491)"
2024-02-18 23:46:25.469741,"(309, 543)"
2024-02-18 23:46:25.805603,"(298, 602)"
2024-02-18 23:46:26.157647,"(298, 590)"
2024-02-18 23:46:26.505260,"(299, 541)"
2024-02-18 23:46:26.848913,"(299, 496)"
2024-02-18 23:46:27.197352,"(300, 459)"
2024-02-18 23:46:27.547032,"(301, 426)"
2024-02-18 23:46:27.995863,"(302, 396)"
2024-02-18 23:46:28.682018,"(301, 353)"
2024-02-18 23:46:29.028314,"(300, 349)"
2024-02-18 23:46:29.370561,"(298, 365)"
2024-02-18 23:46:30.053006,"(298, 430)"
2024-02-18 23:46:30.397609,"(297, 468)"
2024-02-18 23:46:30.738645,"(296, 511)"
2024-02-18 23:46:31.083568,"(294, 562)"
2024-02-18 23:46:31.447677,"(292, 619)"
2024-02-18 23:46:31.791253,"(295, 596)"
2024-02-18 23:46:32.133173,"(300, 552)"
2024-02-18 23:46:32.475006,"(304, 507)"
2024-02-18 23:46:32.814185,"(308, 472)"
2024-02-18 23:46:33.153925,"(311, 444)"
2024-02-18 23:46:33.496467,"(314, 419)"
2024-02-18 23:46:34.038573,"(316, 398)"
2024-02-18 23:46:34.365320,"(318, 384)"
2024-02-18 23:46:34.702976,"(319, 380)"
2024-02-18 23:46:35.047950,"(316, 406)"
2024-02-18 23:46:35.429019,"(311, 452)"
2024-02-18 23:46:35.769400,"(306, 498)"
2024-02-18 23:46:36.180258,"(299, 555)"
2024-02-18 23:46:37.253552,"(293, 610)"
2024-02-18 23:46:37.784702,"(297, 562)"
2024-02-18 23:46:38.114800,"(300, 514)"
2024-02-18 23:46:38.434253,"(304, 474)"
2024-02-18 23:46:38.933471,"(306, 440)"
2024-02-18 23:46:39.450454,"(308, 409)"
2024-02-18 23:46:40.010711,"(310, 384)"
2024-02-18 23:46:40.572385,"(311, 364)"
2024-02-18 23:46:40.937453,"(311, 352)"
2024-02-18 23:46:41.296437,"(309, 363)"
2024-02-18 23:46:41.671624,"(303, 398)"
2024-02-18 23:46:42.009533,"(295, 448)"
2024-02-18 23:46:42.387635,"(287, 501)"
2024-02-18 23:46:42.758756,"(278, 563)"
2024-02-18 23:46:43.504742,"(262, 645)"
2024-02-18 23:46:43.887867,"(260, 590)"
2024-02-18 23:46:44.578928,"(257, 494)"
2024-02-18 23:46:45.163814,"(254, 455)"
2024-02-18 23:46:45.597913,"(252, 417)"
2024-02-18 23:46:45.951849,"(248, 387)"
2024-02-18 23:46:46.324058,"(243, 364)"
2024-02-18 23:46:46.646402,"(239, 347)"
2024-02-18 23:46:46.967792,"(237, 351)"
2024-02-18 23:46:47.288545,"(237, 369)"
2024-02-18 23:46:47.615931,"(238, 406)"
2024-02-18 23:46:47.965880,"(239, 455)"
2024-02-18 23:46:48.347179,"(240, 505)"
2024-02-18 23:46:48.712057,"(234, 559)"
2024-02-18 23:46:49.278634,"(236, 615)"
2024-02-18 23:46:49.852570,"(240, 607)"
2024-02-18 23:46:50.419596,"(246, 553)"
2024-02-18 23:46:50.846066,"(252, 508)"
2024-02-18 23:46:51.439805,"(257, 466)"
2024-02-18 23:46:51.921500,"(262, 429)"
2024-02-18 23:46:52.367528,"(266, 396)"
2024-02-18 23:46:53.091328,"(270, 365)"
2024-02-18 23:46:53.448638,"(264, 380)"
2024-02-18 23:46:53.813436,"(256, 417)"
2024-02-18 23:46:54.202351,"(246, 460)"
2024-02-18 23:46:54.772357,"(239, 504)"
2024-02-18 23:46:55.803100,"(214, 615)"
2024-02-18 23:46:56.369772,"(210, 609)"
2024-02-18 23:46:57.250489,"(212, 517)"
2024-02-18 23:46:58.060471,"(214, 449)"
2024-02-18 23:46:58.577824,"(214, 420)"
2024-02-18 23:46:59.451093,"(214, 381)"
2024-02-18 23:46:59.769183,"(216, 381)"
2024-02-18 23:47:00.100993,"(220, 399)"
2024-02-18 23:47:00.770214,"(227, 487)"
2024-02-18 23:47:01.095395,"(228, 547)"
2024-02-18 23:47:01.432123,"(229, 607)"
2024-02-18 23:47:01.779770,"(232, 631)"
2024-02-18 23:47:02.134972,"(236, 581)"
2024-02-18 23:47:02.619293,"(241, 537)"
2024-02-18 23:47:03.031023,"(244, 497)"
2024-02-18 23:47:04.717535,"(249, 375)"
2024-02-18 23:47:06.203217,"(200, 497)"
2024-02-18 23:47:06.904618,"(170, 599)"
2024-02-18 23:47:07.590970,"(152, 683)"
2024-02-18 23:47:07.912054,"(157, 634)"
2024-02-18 23:47:08.239930,"(164, 594)"
2024-02-18 23:47:08.574783,"(171, 551)"
2024-02-18 23:47:08.908486,"(178, 517)"
2024-02-18 23:47:09.231758,"(184, 485)"
2024-02-18 23:47:09.597979,"(190, 458)"
2024-02-18 23:47:09.920464,"(197, 438)"
2024-02-18 23:47:10.258195,"(204, 422)"
2024-02-18 23:47:10.598129,"(211, 412)"
2024-02-18 23:47:11.017943,"(215, 417)"
2024-02-18 23:47:11.449731,"(218, 438)"
2024-02-18 23:47:11.815585,"(220, 472)"
2024-02-18 23:47:12.234281,"(221, 513)"
2024-02-18 23:47:13.523103,"(224, 665)"
2024-02-18 23:47:13.879573,"(226, 638)"
2024-02-18 23:47:14.237639,"(228, 582)"
2024-02-18 23:47:14.581794,"(229, 534)"
2024-02-18 23:47:14.919831,"(229, 498)"
2024-02-18 23:47:15.286629,"(229, 461)"
2024-02-18 23:47:15.662235,"(229, 430)"
2024-02-18 23:47:16.005497,"(228, 406)"
2024-02-18 23:47:16.365940,"(226, 387)"
2024-02-18 23:47:16.763024,"(225, 378)"
2024-02-18 23:47:17.091911,"(222, 387)"
2024-02-18 23:47:17.463445,"(220, 416)"
2024-02-18 23:47:17.836890,"(217, 458)"
2024-02-18 23:47:18.227752,"(214, 505)"
2024-02-18 23:47:18.753992,"(212, 554)"
2024-02-18 23:47:19.111726,"(208, 612)"
2024-02-18 23:47:19.559879,"(206, 619)"
2024-02-18 23:47:20.023300,"(205, 568)"
2024-02-18 23:47:20.627760,"(203, 521)"
2024-02-18 23:47:20.985314,"(201, 482)"
2024-02-18 23:47:21.323035,"(199, 445)"
2024-02-18 23:47:21.744272,"(197, 412)"
2024-02-18 23:47:22.079103,"(194, 387)"
2024-02-18 23:47:22.902722,"(189, 358)"
2024-02-18 23:47:23.256903,"(187, 361)"
2024-02-18 23:47:23.620182,"(186, 378)"
2024-02-18 23:47:24.002451,"(186, 413)"
2024-02-18 23:47:24.541638,"(185, 461)"
2024-02-18 23:47:24.919154,"(185, 506)"
2024-02-18 23:47:25.286177,"(186, 562)"
2024-02-18 23:47:26.700031,"(188, 535)"
2024-02-18 23:47:27.142191,"(190, 488)"
2024-02-18 23:47:27.691224,"(192, 450)"
2024-02-18 23:47:28.257988,"(194, 413)"
2024-02-18 23:47:28.828566,"(196, 384)"
2024-02-18 23:47:29.574400,"(200, 357)"
2024-02-18 23:47:29.960768,"(201, 360)"
2024-02-18 23:47:30.357196,"(203, 373)"
2024-02-18 23:47:30.727570,"(205, 401)"
2024-02-18 23:47:31.082686,"(207, 444)"
2024-02-18 23:47:31.410101,"(208, 491)"
2024-02-18 23:47:31.734627,"(210, 537)"
2024-02-18 23:47:32.075252,"(212, 597)"
2024-02-18 23:47:32.431881,"(213, 569)"
2024-02-18 23:47:32.810193,"(215, 516)"
2024-02-18 23:47:33.147635,"(216, 476)"
2024-02-18 23:47:33.475271,"(218, 439)"
2024-02-18 23:47:33.805664,"(219, 406)"
2024-02-18 23:47:34.135116,"(221, 378)"
2024-02-18 23:47:34.503799,"(222, 356)"
2024-02-18 23:47:34.865995,"(223, 343)"
2024-02-18 23:47:35.225526,"(224, 339)"
2024-02-18 23:47:35.573932,"(223, 348)"
2024-02-18 23:47:35.926487,"(222, 373)"
2024-02-18 23:47:36.309360,"(222, 408)"
2024-02-18 23:47:36.659541,"(222, 454)"
2024-02-18 23:47:36.998873,"(222, 501)"
2024-02-18 23:47:37.700063,"(221, 610)"
2024-02-18 23:47:38.022863,"(220, 560)"
2024-02-18 23:47:38.373631,"(219, 507)"
2024-02-18 23:47:38.699509,"(218, 473)"
2024-02-18 23:47:39.047453,"(218, 436)"
2024-02-18 23:47:39.399539,"(217, 404)"
2024-02-18 23:47:39.791188,"(215, 378)"
2024-02-18 23:47:40.124966,"(215, 357)"
2024-02-18 23:47:40.461374,"(214, 343)"
2024-02-18 23:47:40.791558,"(213, 339)"
2024-02-18 23:47:41.143824,"(211, 346)"
2024-02-18 23:47:41.474848,"(210, 370)"
2024-02-18 23:47:41.892708,"(210, 407)"
2024-02-18 23:47:42.211711,"(211, 458)"
2024-02-18 23:47:42.588784,"(212, 509)"
2024-02-18 23:47:43.115479,"(213, 568)"
2024-02-18 23:47:43.695601,"(214, 615)"
2024-02-18 23:47:44.259745,"(215, 555)"
2024-02-18 23:47:44.814199,"(216, 507)"
2024-02-18 23:47:45.257191,"(216, 464)"
2024-02-18 23:47:45.605316,"(217, 425)"
2024-02-18 23:47:45.970799,"(217, 392)"
2024-02-18 23:47:46.349960,"(217, 365)"
2024-02-18 23:47:46.738230,"(218, 344)"
2024-02-18 23:47:47.166443,"(218, 331)"
2024-02-18 23:47:47.498237,"(218, 330)"
2024-02-18 23:47:47.840492,"(217, 338)"
2024-02-18 23:47:48.259180,"(216, 356)"
2024-02-18 23:47:48.618027,"(215, 389)"
2024-02-18 23:47:49.021333,"(214, 430)"
2024-02-18 23:47:49.370992,"(212, 477)"
2024-02-18 23:47:49.707840,"(211, 525)"
2024-02-18 23:47:50.034629,"(209, 581)"
2024-02-18 23:47:50.402433,"(207, 600)"
2024-02-18 23:47:50.835782,"(203, 554)"
2024-02-18 23:47:51.204646,"(199, 511)"
2024-02-18 23:47:51.672231,"(192, 480)"
2024-02-18 23:47:52.051739,"(186, 453)"
2024-02-18 23:47:52.398544,"(180, 433)"
2024-02-18 23:47:52.760895,"(172, 417)"
2024-02-18 23:47:53.138118,"(166, 406)"
2024-02-18 23:47:53.512144,"(166, 405)"
2024-02-18 23:47:53.872419,"(175, 413)"
2024-02-18 23:47:54.206487,"(186, 433)"
2024-02-18 23:47:54.533235,"(197, 466)"
2024-02-18 23:47:54.854496,"(204, 510)"
2024-02-18 23:47:55.180672,"(208, 557)"
2024-02-18 23:47:55.512814,"(212, 604)"
2024-02-18 23:47:55.840935,"(214, 671)"
2024-02-18 23:47:56.217872,"(214, 654)"
2024-02-18 23:47:56.594083,"(212, 598)"
2024-02-18 23:47:56.916015,"(211, 549)"
2024-02-18 23:47:57.243045,"(211, 507)"
2024-02-18 23:47:57.590464,"(212, 468)"
2024-02-18 23:47:57.927759,"(214, 435)"
2024-02-18 23:47:58.374784,"(217, 408)"
2024-02-18 23:47:58.788528,"(220, 384)"
2024-02-18 23:47:59.134370,"(225, 372)"
2024-02-18 23:47:59.457638,"(230, 370)"
2024-02-18 23:47:59.811560,"(237, 383)"
2024-02-18 23:48:00.158020,"(245, 409)"
2024-02-18 23:48:00.858563,"(267, 483)"
2024-02-18 23:48:01.531536,"(281, 575)"
2024-02-18 23:48:03.061362,"(289, 467)"
2024-02-18 23:48:03.445417,"(289, 436)"
2024-02-18 23:48:03.775499,"(289, 410)"
2024-02-18 23:48:04.113061,"(288, 391)"
2024-02-18 23:48:04.440899,"(287, 377)"
2024-02-18 23:48:04.770507,"(284, 376)"
2024-02-18 23:48:05.101460,"(283, 399)"
2024-02-18 23:48:05.429954,"(283, 444)"
2024-02-18 23:48:05.837258,"(282, 496)"
2024-02-18 23:48:06.551118,"(278, 616)"
2024-02-18 23:48:06.937212,"(278, 630)"
2024-02-18 23:48:07.289044,"(281, 576)"
2024-02-18 23:48:07.791284,"(282, 534)"
2024-02-18 23:48:08.137358,"(285, 494)"
2024-02-18 23:48:08.475192,"(287, 459)"
2024-02-18 23:48:09.323682,"(291, 408)"
2024-02-18 23:48:09.884127,"(294, 392)"
2024-02-18 23:48:10.438947,"(295, 382)"
2024-02-18 23:48:10.842362,"(291, 392)"
2024-02-18 23:48:11.267493,"(285, 422)"
2024-02-18 23:48:11.645168,"(277, 464)"
2024-02-18 23:48:12.065834,"(268, 512)"
2024-02-18 23:48:12.606211,"(260, 559)"
2024-02-18 23:48:13.185186,"(253, 622)"
2024-02-18 23:48:13.536011,"(248, 643)"
2024-02-18 23:48:14.196212,"(251, 544)"
2024-02-18 23:48:14.522141,"(253, 503)"
2024-02-18 23:48:14.857165,"(254, 466)"
2024-02-18 23:48:15.224009,"(256, 436)"
2024-02-18 23:48:15.548208,"(257, 411)"
2024-02-18 23:48:15.882744,"(259, 391)"
2024-02-18 23:48:16.227329,"(260, 386)"
2024-02-18 23:48:16.663005,"(259, 399)"
2024-02-18 23:48:17.049366,"(257, 431)"
2024-02-18 23:48:17.467939,"(254, 474)"
2024-02-18 23:48:17.784642,"(250, 523)"
2024-02-18 23:48:18.120863,"(247, 571)"
2024-02-18 23:48:18.451379,"(243, 634)"
2024-02-18 23:48:19.155529,"(244, 589)"
2024-02-18 23:48:19.511631,"(246, 548)"
2024-02-18 23:48:19.865359,"(248, 507)"
2024-02-18 23:48:20.243167,"(250, 471)"
2024-02-18 23:48:20.605811,"(251, 441)"
2024-02-18 23:48:20.938449,"(253, 417)"
2024-02-18 23:48:21.274657,"(253, 399)"
2024-02-18 23:48:21.701360,"(254, 389)"
2024-02-18 23:48:22.045550,"(252, 404)"
2024-02-18 23:48:22.404515,"(248, 436)"
2024-02-18 23:48:22.777323,"(243, 479)"
2024-02-18 23:48:23.125883,"(237, 528)"
2024-02-18 23:48:23.491618,"(232, 582)"
2024-02-18 23:48:23.825297,"(226, 643)"
2024-02-18 23:48:24.148789,"(224, 647)"
2024-02-18 23:48:24.477422,"(226, 594)"
2024-02-18 23:48:24.801094,"(228, 547)"
2024-02-18 23:48:25.161784,"(231, 509)"
2024-02-18 23:48:25.504246,"(232, 473)"
2024-02-18 23:48:27.243722,"(228, 429)"
2024-02-18 23:48:27.594453,"(222, 476)"
2024-02-18 23:48:27.918701,"(216, 528)"
2024-02-18 23:48:28.253277,"(208, 586)"
2024-02-18 23:48:28.579492,"(202, 647)"
2024-02-18 23:48:28.902736,"(200, 649)"
2024-02-18 23:48:29.243312,"(201, 590)"
2024-02-18 23:48:29.580078,"(204, 541)"
2024-02-18 23:48:29.975810,"(204, 499)"
2024-02-18 23:48:30.299649,"(206, 460)"
2024-02-18 23:48:30.622616,"(206, 428)"
2024-02-18 23:48:30.969569,"(207, 403)"
2024-02-18 23:48:31.292558,"(208, 390)"
2024-02-18 23:48:31.622307,"(210, 393)"
2024-02-18 23:48:31.988979,"(211, 407)"
2024-02-18 23:48:32.350983,"(212, 440)"
2024-02-18 23:48:32.681713,"(211, 489)"
2024-02-18 23:48:33.017586,"(210, 544)"
2024-02-18 23:48:33.430893,"(209, 607)"
2024-02-18 23:48:33.788389,"(210, 669)"
2024-02-18 23:48:34.173528,"(211, 599)"
2024-02-18 23:48:34.496186,"(214, 550)"
2024-02-18 23:48:34.818497,"(216, 505)"
2024-02-18 23:48:35.143789,"(219, 462)"
2024-02-18 23:48:35.466717,"(220, 425)"
2024-02-18 23:48:35.804627,"(222, 394)"
2024-02-18 23:48:36.798637,"(223, 358)"
2024-02-18 23:48:37.129230,"(221, 370)"
2024-02-18 23:48:37.477770,"(219, 397)"
2024-02-18 23:48:37.825114,"(216, 438)"
2024-02-18 23:48:38.246863,"(213, 486)"
2024-02-18 23:48:38.623136,"(208, 538)"
2024-02-18 23:48:39.751995,"(201, 662)"
2024-02-18 23:48:40.462455,"(201, 548)"
2024-02-18 23:48:40.874704,"(201, 505)"
2024-02-18 23:48:41.199505,"(201, 464)"
2024-02-18 23:48:41.557484,"(201, 430)"
2024-02-18 23:48:41.897124,"(200, 402)"
2024-02-18 23:48:42.256496,"(200, 384)"
2024-02-18 23:48:42.625909,"(200, 379)"
2024-02-18 23:48:42.971847,"(200, 384)"
2024-02-18 23:48:43.310524,"(200, 404)"
2024-02-18 23:48:43.790443,"(201, 439)"
2024-02-18 23:48:44.111178,"(202, 481)"
2024-02-18 23:48:44.438057,"(203, 530)"
2024-02-18 23:48:44.767133,"(204, 581)"
2024-02-18 23:48:45.414957,"(204, 630)"
2024-02-18 23:48:45.739696,"(204, 578)"
2024-02-18 23:48:46.066085,"(203, 535)"
2024-02-18 23:48:46.402361,"(202, 496)"
2024-02-18 23:48:46.748860,"(201, 463)"
2024-02-18 23:48:47.127601,"(201, 436)"
2024-02-18 23:48:47.520835,"(200, 414)"
2024-02-18 23:48:48.749333,"(196, 413)"
2024-02-18 23:48:49.085288,"(194, 451)"
2024-02-18 23:48:49.457279,"(193, 499)"
2024-02-18 23:48:49.918895,"(192, 544)"
2024-02-18 23:48:50.273227,"(191, 607)"
2024-02-18 23:48:50.598613,"(188, 668)"
2024-02-18 23:48:51.778344,"(189, 508)"
2024-02-18 23:48:52.326638,"(188, 469)"
2024-02-18 23:48:52.759652,"(188, 437)"
2024-02-18 23:48:53.082032,"(187, 410)"
2024-02-18 23:48:53.440619,"(186, 391)"
2024-02-18 23:48:53.785725,"(186, 387)"
2024-02-18 23:48:54.111458,"(186, 399)"
2024-02-18 23:48:54.444877,"(189, 428)"
2024-02-18 23:48:54.771453,"(191, 470)"
2024-02-18 23:48:55.099381,"(193, 518)"
2024-02-18 23:48:55.423326,"(197, 573)"
2024-02-18 23:48:55.784001,"(202, 630)"
2024-02-18 23:48:56.138279,"(202, 649)"
2024-02-18 23:48:56.482809,"(204, 596)"
2024-02-18 23:48:56.813954,"(206, 549)"
2024-02-18 23:48:57.138664,"(208, 508)"
2024-02-18 23:48:57.466712,"(210, 471)"
2024-02-18 23:48:57.809983,"(212, 440)"
2024-02-18 23:48:58.144398,"(214, 415)"
2024-02-18 23:48:58.475498,"(216, 396)"
2024-02-18 23:48:58.868829,"(216, 394)"
2024-02-18 23:48:59.196026,"(216, 410)"
2024-02-18 23:48:59.518331,"(218, 444)"
2024-02-18 23:48:59.951922,"(219, 490)"
2024-02-18 23:49:00.369257,"(221, 540)"
2024-02-18 23:49:00.721783,"(223, 594)"
2024-02-18 23:49:01.053393,"(226, 657)"
2024-02-18 23:49:01.389538,"(225, 636)"
2024-02-18 23:49:01.720711,"(224, 579)"
2024-02-18 23:49:02.055333,"(223, 540)"
2024-02-18 23:49:02.410436,"(222, 499)"
2024-02-18 23:49:02.741487,"(222, 464)"
2024-02-18 23:49:03.111241,"(221, 435)"
2024-02-18 23:49:03.451572,"(220, 412)"
2024-02-18 23:49:03.809789,"(219, 396)"
2024-02-18 23:49:04.138927,"(218, 396)"
2024-02-18 23:49:04.495995,"(217, 419)"
2024-02-18 23:49:04.889271,"(218, 457)"
2024-02-18 23:49:05.456766,"(217, 504)"
2024-02-18 23:49:05.906928,"(217, 550)"
2024-02-18 23:49:06.362426,"(215, 609)"
2024-02-18 23:49:06.741541,"(215, 676)"
2024-02-18 23:49:07.216182,"(213, 614)"
2024-02-18 23:49:07.596204,"(212, 570)"
2024-02-18 23:49:08.140693,"(212, 526)"
2024-02-18 23:49:08.592042,"(211, 488)"
2024-02-18 23:49:08.974866,"(209, 456)"
2024-02-18 23:49:09.309527,"(208, 430)"
2024-02-18 23:49:09.655800,"(207, 411)"
2024-02-18 23:49:10.026221,"(205, 400)"
2024-02-18 23:49:10.369216,"(203, 402)"
2024-02-18 23:49:10.705435,"(201, 422)"
2024-02-18 23:49:11.061338,"(200, 459)"
2024-02-18 23:49:11.507451,"(199, 505)"
2024-02-18 23:49:11.880864,"(198, 551)"
2024-02-18 23:49:12.288688,"(195, 609)"
2024-02-18 23:49:12.608116,"(193, 672)"
2024-02-18 23:49:12.946422,"(191, 609)"
2024-02-18 23:49:13.291526,"(189, 560)"
2024-02-18 23:49:13.691289,"(188, 521)"
2024-02-18 23:49:14.042091,"(185, 482)"
2024-02-18 23:49:14.421258,"(183, 450)"
2024-02-18 23:49:15.138191,"(179, 403)"
2024-02-18 23:49:15.474931,"(177, 390)"
2024-02-18 23:49:15.799343,"(176, 392)"
2024-02-18 23:49:16.136566,"(177, 407)"
2024-02-18 23:49:16.470556,"(180, 438)"
2024-02-18 23:49:16.802989,"(184, 484)"
2024-02-18 23:49:17.146397,"(188, 536)"
2024-02-18 23:49:17.485796,"(191, 590)"
2024-02-18 23:49:17.814009,"(195, 651)"
2024-02-18 23:49:18.142564,"(199, 630)"
2024-02-18 23:49:18.487414,"(202, 578)"
2024-02-18 23:49:18.837531,"(205, 534)"
2024-02-18 23:49:19.193993,"(208, 493)"
2024-02-18 23:49:19.540899,"(211, 458)"
2024-02-18 23:49:19.869602,"(213, 430)"
2024-02-18 23:49:20.204383,"(215, 407)"
2024-02-18 23:49:20.561944,"(216, 399)"
2024-02-18 23:49:21.398276,"(215, 436)"
2024-02-18 23:49:21.724000,"(216, 471)"
2024-02-18 23:49:22.052452,"(217, 513)"
2024-02-18 23:49:22.402868,"(219, 558)"
2024-02-18 23:49:22.739256,"(221, 613)"
2024-02-18 23:49:23.062694,"(222, 680)"
2024-02-18 23:49:23.395878,"(226, 624)"
2024-02-18 23:49:23.747229,"(231, 578)"
2024-02-18 23:49:24.087886,"(236, 541)"
2024-02-18 23:49:24.409085,"(241, 505)"
2024-02-18 23:49:24.735282,"(245, 475)"
2024-02-18 23:49:25.454064,"(254, 431)"
2024-02-18 23:49:25.776793,"(258, 425)"
2024-02-18 23:49:26.169671,"(258, 445)"
2024-02-18 23:49:26.498502,"(257, 486)"
2024-02-18 23:49:26.842634,"(256, 538)"
2024-02-18 23:49:27.218291,"(256, 590)"
2024-02-18 23:49:28.259475,"(254, 607)"
2024-02-18 23:49:28.718170,"(254, 563)"
2024-02-18 23:49:29.042245,"(253, 517)"
2024-02-18 23:49:29.386218,"(253, 479)"
2024-02-18 23:49:29.726084,"(253, 447)"
2024-02-18 23:49:30.412442,"(252, 401)"
2024-02-18 23:49:30.813694,"(250, 397)"
2024-02-18 23:49:31.397617,"(251, 410)"
2024-02-18 23:49:31.959011,"(249, 435)"
2024-02-18 23:49:32.339121,"(245, 476)"
2024-02-18 23:49:32.746647,"(241, 523)"
2024-02-18 23:49:33.557348,"(233, 628)"
2024-02-18 23:49:33.881587,"(229, 685)"
2024-02-18 23:49:34.231036,"(225, 618)"
2024-02-18 23:49:34.615930,"(219, 570)"
2024-02-18 23:49:35.030897,"(214, 531)"
2024-02-18 23:49:35.383840,"(209, 492)"
2024-02-18 23:49:36.805597,"(191, 406)"
2024-02-18 23:49:37.267952,"(188, 415)"
2024-02-18 23:49:37.604150,"(187, 444)"
2024-02-18 23:49:37.934252,"(183, 486)"
2024-02-18 23:49:38.283577,"(180, 535)"
2024-02-18 23:49:38.620977,"(177, 589)"
2024-02-18 23:49:38.956596,"(171, 650)"
2024-02-18 23:49:39.317172,"(169, 648)"
2024-02-18 23:49:39.690019,"(167, 598)"
2024-02-18 23:49:40.026222,"(165, 553)"
2024-02-18 23:49:40.422398,"(163, 510)"
2024-02-18 23:49:40.965998,"(161, 474)"
2024-02-18 23:49:41.462596,"(159, 445)"
2024-02-18 23:49:41.789557,"(156, 421)"
2024-02-18 23:49:42.118092,"(154, 407)"
2024-02-18 23:49:42.471514,"(153, 409)"
2024-02-18 23:49:42.807631,"(152, 435)"
2024-02-18 23:49:43.141662,"(152, 486)"
2024-02-18 23:49:43.479905,"(151, 547)"
2024-02-18 23:49:43.802619,"(150, 607)"
2024-02-18 23:49:44.125574,"(149, 693)"
2024-02-18 23:49:44.469548,"(154, 634)"
2024-02-18 23:49:44.801587,"(160, 574)"
2024-02-18 23:49:45.125362,"(165, 528)"
2024-02-18 23:49:45.459322,"(171, 480)"
2024-02-18 23:49:45.820396,"(177, 439)"
2024-02-18 23:49:46.158076,"(182, 403)"
2024-02-18 23:49:46.819977,"(191, 355)"
2024-02-18 23:49:47.174406,"(191, 349)"
2024-02-18 23:49:47.520176,"(197, 356)"
2024-02-18 23:49:47.903079,"(200, 382)"
2024-02-18 23:49:48.307355,"(202, 422)"
2024-02-18 23:49:48.636313,"(203, 475)"
2024-02-18 23:49:49.019980,"(204, 532)"
2024-02-18 23:49:50.088497,"(209, 663)"
2024-02-18 23:49:50.803798,"(209, 552)"
2024-02-18 23:49:51.165666,"(209, 504)"
2024-02-18 23:49:51.491576,"(210, 463)"
2024-02-18 23:49:51.898335,"(210, 428)"
2024-02-18 23:49:52.400805,"(210, 400)"
2024-02-18 23:49:52.747365,"(211, 378)"
2024-02-18 23:49:53.077862,"(210, 370)"
2024-02-18 23:49:53.411824,"(210, 378)"
2024-02-18 23:49:53.812742,"(213, 403)"
2024-02-18 23:49:54.619332,"(218, 503)"
2024-02-18 23:49:55.789328,"(225, 684)"
2024-02-18 23:49:56.160301,"(228, 612)"
2024-02-18 23:49:56.558100,"(230, 559)"
2024-02-18 23:49:56.943245,"(233, 510)"
2024-02-18 23:49:57.531793,"(235, 466)"
2024-02-18 23:49:58.087311,"(237, 427)"
2024-02-18 23:49:59.351145,"(243, 353)"
2024-02-18 23:49:59.735572,"(242, 355)"
2024-02-18 23:50:01.698022,"(240, 509)"
2024-02-18 23:50:04.512293,"(254, 567)"
2024-02-18 23:50:04.852943,"(260, 520)"
2024-02-18 23:50:05.195247,"(265, 474)"
2024-02-18 23:50:05.547859,"(271, 433)"
2024-02-18 23:50:05.874936,"(276, 399)"
2024-02-18 23:50:06.216606,"(282, 371)"
2024-02-18 23:50:06.549502,"(288, 355)"
2024-02-18 23:50:06.884377,"(291, 368)"
2024-02-18 23:50:07.553742,"(286, 454)"
2024-02-18 23:50:07.941610,"(284, 511)"
2024-02-18 23:50:08.287784,"(280, 567)"
2024-02-18 23:50:08.831254,"(276, 638)"
2024-02-18 23:50:09.842833,"(265, 567)"
2024-02-18 23:50:10.199804,"(260, 520)"
2024-02-18 23:50:10.549066,"(257, 475)"
2024-02-18 23:50:11.928526,"(245, 360)"
2024-02-18 23:50:12.269683,"(244, 356)"
2024-02-18 23:50:12.598891,"(241, 361)"
2024-02-18 23:50:13.676160,"(231, 447)"
2024-02-18 23:50:14.052234,"(226, 493)"
2024-02-18 23:50:14.395009,"(222, 547)"
2024-02-18 23:50:14.772277,"(221, 596)"
2024-02-18 23:50:15.960264,"(199, 593)"
2024-02-18 23:50:16.289064,"(193, 551)"
2024-02-18 23:50:16.645066,"(186, 507)"
2024-02-18 23:50:16.989565,"(179, 469)"
2024-02-18 23:50:17.320623,"(172, 437)"
2024-02-18 23:50:18.191034,"(160, 406)"
2024-02-18 23:50:18.524609,"(154, 411)"
2024-02-18 23:50:18.851764,"(150, 434)"
2024-02-18 23:50:19.305619,"(146, 474)"
2024-02-18 23:50:19.631206,"(141, 524)"
2024-02-18 23:50:19.969860,"(136, 574)"
2024-02-18 23:50:20.400685,"(132, 633)"
2024-02-18 23:50:20.782108,"(127, 682)"
2024-02-18 23:50:21.141094,"(128, 615)"
2024-02-18 23:50:21.475744,"(128, 564)"
2024-02-18 23:50:21.836690,"(129, 525)"
2024-02-18 23:50:22.208338,"(129, 485)"
2024-02-18 23:50:22.622597,"(129, 452)"
2024-02-18 23:50:22.973662,"(128, 425)"
2024-02-18 23:50:23.343870,"(127, 405)"
2024-02-18 23:50:23.709993,"(129, 399)"
2024-02-18 23:50:24.067199,"(129, 413)"
2024-02-18 23:50:24.429056,"(129, 445)"
2024-02-18 23:50:24.761568,"(128, 487)"
2024-02-18 23:50:25.115075,"(127, 535)"
2024-02-18 23:50:25.469640,"(126, 587)"
2024-02-18 23:50:26.683888,"(130, 599)"
2024-02-18 23:50:27.091107,"(134, 555)"
2024-02-18 23:50:27.474083,"(138, 516)"
2024-02-18 23:50:28.066116,"(141, 480)"
2024-02-18 23:50:28.438824,"(145, 452)"
2024-02-18 23:50:28.820233,"(148, 434)"
2024-02-18 23:50:29.200074,"(148, 439)"
2024-02-18 23:50:29.570443,"(146, 469)"
2024-02-18 23:50:29.964493,"(144, 514)"
2024-02-18 23:50:30.307870,"(142, 566)"
2024-02-18 23:50:30.666788,"(140, 623)"
2024-02-18 23:50:31.223114,"(138, 682)"
2024-02-18 23:50:32.046366,"(135, 570)"
2024-02-18 23:50:32.407651,"(133, 530)"
2024-02-18 23:50:32.765220,"(132, 491)"
2024-02-18 23:50:33.092197,"(130, 459)"
2024-02-18 23:50:33.454739,"(128, 433)"
2024-02-18 23:50:33.845763,"(127, 417)"
2024-02-18 23:50:34.167875,"(125, 419)"
2024-02-18 23:50:34.495622,"(123, 443)"
2024-02-18 23:50:34.830533,"(119, 482)"
2024-02-18 23:50:35.170704,"(116, 527)"
2024-02-18 23:50:35.527551,"(112, 569)"
2024-02-18 23:50:36.585794,"(109, 592)"
2024-02-18 23:50:36.910784,"(111, 551)"
2024-02-18 23:50:37.286747,"(113, 514)"
2024-02-18 23:50:37.620101,"(115, 480)"
2024-02-18 23:50:37.946443,"(116, 453)"
2024-02-18 23:50:38.274366,"(117, 433)"
2024-02-18 23:50:38.710044,"(117, 433)"
2024-02-18 23:50:39.034865,"(118, 461)"
2024-02-18 23:50:39.366788,"(119, 505)"
2024-02-18 23:50:39.708609,"(121, 553)"
2024-02-18 23:50:40.388951,"(123, 676)"
2024-02-18 23:50:40.743915,"(125, 619)"
2024-02-18 23:50:41.077520,"(128, 567)"
2024-02-18 23:50:41.441969,"(130, 525)"
2024-02-18 23:50:41.817046,"(132, 486)"
2024-02-18 23:50:42.207676,"(134, 453)"
2024-02-18 23:50:42.934902,"(136, 408)"
2024-02-18 23:50:43.270758,"(136, 408)"
2024-02-18 23:50:43.949247,"(132, 466)"
2024-02-18 23:50:44.274715,"(129, 509)"
2024-02-18 23:50:44.603712,"(127, 560)"
2024-02-18 23:50:45.343248,"(121, 686)"
2024-02-18 23:50:45.916752,"(122, 631)"
2024-02-18 23:50:46.371169,"(123, 585)"
2024-02-18 23:50:46.747352,"(125, 543)"
2024-02-18 23:50:47.291969,"(126, 503)"
2024-02-18 23:50:47.606598,"(127, 471)"
2024-02-18 23:50:47.960271,"(128, 444)"
2024-02-18 23:50:48.329370,"(129, 424)"
2024-02-18 23:50:48.669836,"(129, 418)"
2024-02-18 23:50:49.002111,"(128, 438)"
2024-02-18 23:50:49.689852,"(125, 539)"
2024-02-18 23:50:50.036604,"(124, 594)"
2024-02-18 23:50:51.040759,"(125, 580)"
2024-02-18 23:50:51.367566,"(126, 539)"
2024-02-18 23:50:51.763680,"(128, 494)"
2024-02-18 23:50:52.106086,"(130, 457)"
2024-02-18 23:50:53.157443,"(137, 399)"
2024-02-18 23:50:53.485742,"(145, 411)"
2024-02-18 23:50:53.819989,"(154, 444)"
2024-02-18 23:50:54.167899,"(165, 490)"
2024-02-18 23:50:54.515947,"(175, 545)"
2024-02-18 23:50:55.830766,"(207, 668)"
2024-02-18 23:50:56.871547,"(222, 562)"
2024-02-18 23:50:57.323380,"(229, 515)"
2024-02-18 23:50:57.870194,"(236, 475)"
2024-02-18 23:50:58.279601,"(244, 442)"
2024-02-18 23:50:58.626181,"(252, 414)"
2024-02-18 23:50:58.989271,"(259, 394)"
2024-02-18 23:50:59.368621,"(263, 391)"
2024-02-18 23:51:00.133429,"(256, 466)"
2024-02-18 23:51:00.493421,"(251, 524)"
2024-02-18 23:51:00.864974,"(246, 576)"
2024-02-18 23:51:01.656204,"(237, 716)"
2024-02-18 23:51:02.490001,"(243, 585)"
2024-02-18 23:51:02.820509,"(246, 537)"
2024-02-18 23:51:03.152605,"(249, 494)"
2024-02-18 23:51:03.708819,"(252, 457)"
2024-02-18 23:51:04.028834,"(255, 427)"
2024-02-18 23:51:04.383797,"(259, 412)"
2024-02-18 23:51:04.737301,"(264, 423)"
2024-02-18 23:51:05.097684,"(267, 451)"
2024-02-18 23:51:05.516561,"(269, 495)"
2024-02-18 23:51:05.841676,"(271, 546)"
2024-02-18 23:51:06.173545,"(274, 597)"
2024-02-18 23:51:06.517361,"(275, 656)"
2024-02-18 23:51:06.847988,"(277, 715)"
2024-02-18 23:51:07.183335,"(271, 651)"
2024-02-18 23:51:07.534963,"(268, 595)"
2024-02-18 23:51:07.899550,"(264, 555)"
2024-02-18 23:51:08.467625,"(260, 517)"
2024-02-18 23:51:08.817587,"(256, 485)"
2024-02-18 23:51:09.149420,"(251, 459)"
2024-02-18 23:51:09.491180,"(247, 448)"
2024-02-18 23:51:09.846278,"(241, 462)"
2024-02-18 23:51:10.190764,"(235, 499)"
2024-02-18 23:51:10.516626,"(228, 551)"
2024-02-18 23:51:10.848247,"(221, 606)"
2024-02-18 23:51:11.195630,"(213, 673)"
2024-02-18 23:51:11.549454,"(206, 712)"
2024-02-18 23:51:11.882345,"(203, 652)"
2024-02-18 23:51:12.221049,"(199, 599)"
2024-02-18 23:51:12.688309,"(195, 558)"
2024-02-18 23:51:13.119728,"(192, 518)"
2024-02-18 23:51:13.534668,"(188, 484)"
2024-02-18 23:51:13.872174,"(185, 457)"
2024-02-18 23:51:14.202520,"(182, 434)"
2024-02-18 23:51:14.534286,"(179, 422)"
2024-02-18 23:51:14.877173,"(178, 423)"
2024-02-18 23:51:15.877813,"(185, 521)"
2024-02-18 23:51:16.212611,"(186, 573)"
2024-02-18 23:51:16.568245,"(189, 631)"
2024-02-18 23:51:17.292988,"(192, 736)"
2024-02-18 23:51:17.658245,"(189, 674)"
2024-02-18 23:51:18.097388,"(187, 624)"
2024-02-18 23:51:18.464160,"(184, 577)"
2024-02-18 23:51:18.805995,"(181, 537)"
2024-02-18 23:51:19.146957,"(179, 504)"
2024-02-18 23:51:19.492619,"(177, 476)"
2024-02-18 23:51:19.866933,"(174, 454)"
2024-02-18 23:51:20.217766,"(172, 448)"
2024-02-18 23:51:20.570055,"(170, 460)"
2024-02-18 23:51:21.031337,"(169, 497)"
2024-02-18 23:51:21.620033,"(169, 547)"
2024-02-18 23:51:21.993930,"(167, 603)"
2024-02-18 23:51:22.413525,"(166, 666)"
2024-02-18 23:51:23.000630,"(164, 748)"
2024-02-18 23:51:23.554752,"(163, 725)"
2024-02-18 23:51:23.891586,"(163, 657)"
2024-02-18 23:51:24.226753,"(162, 609)"
2024-02-18 23:51:24.598479,"(160, 564)"
2024-02-18 23:51:24.936410,"(160, 524)"
2024-02-18 23:51:26.304264,"(154, 437)"
2024-02-18 23:51:26.642867,"(153, 441)"
2024-02-18 23:51:27.391961,"(153, 500)"
2024-02-18 23:51:27.730053,"(154, 549)"
2024-02-18 23:51:28.096684,"(154, 609)"
2024-02-18 23:51:28.467312,"(155, 669)"
2024-02-18 23:51:29.886188,"(162, 610)"
2024-02-18 23:51:30.227361,"(164, 563)"
2024-02-18 23:51:30.554329,"(166, 523)"
2024-02-18 23:51:31.046591,"(169, 490)"
2024-02-18 23:51:31.378379,"(171, 466)"
2024-02-18 23:51:31.808136,"(171, 451)"
2024-02-18 23:51:32.145995,"(168, 453)"
2024-02-18 23:51:32.512600,"(166, 469)"
2024-02-18 23:51:32.868701,"(164, 501)"
2024-02-18 23:51:33.397125,"(161, 552)"
2024-02-18 23:51:33.733932,"(158, 611)"
2024-02-18 23:51:34.705533,"(151, 764)"
2024-02-18 23:51:35.066746,"(151, 719)"
2024-02-18 23:51:35.420042,"(151, 657)"
2024-02-18 23:51:35.774152,"(151, 605)"
2024-02-18 23:51:36.125126,"(150, 557)"
2024-02-18 23:51:36.461543,"(150, 516)"
2024-02-18 23:51:36.789654,"(150, 482)"
2024-02-18 23:51:37.268866,"(150, 454)"
2024-02-18 23:51:37.602610,"(149, 438)"
2024-02-18 23:51:37.935916,"(148, 438)"
2024-02-18 23:51:38.266731,"(151, 458)"
2024-02-18 23:51:38.672272,"(155, 498)"
2024-02-18 23:51:39.006546,"(159, 546)"
2024-02-18 23:51:39.349196,"(163, 600)"
2024-02-18 23:51:40.348971,"(173, 719)"
2024-02-18 23:51:40.696662,"(176, 661)"
2024-02-18 23:51:41.061185,"(177, 612)"
2024-02-18 23:51:41.614116,"(179, 567)"
2024-02-18 23:51:42.005137,"(181, 528)"
2024-02-18 23:51:42.380793,"(183, 496)"
2024-02-18 23:51:42.773797,"(185, 468)"
2024-02-18 23:51:43.193898,"(186, 456)"
2024-02-18 23:51:43.534720,"(187, 459)"
2024-02-18 23:51:43.862046,"(190, 481)"
2024-02-18 23:51:44.208777,"(193, 518)"
2024-02-18 23:51:44.548826,"(196, 564)"
2024-02-18 23:51:44.919112,"(199, 612)"
2024-02-18 23:51:46.132318,"(207, 710)"
2024-02-18 23:51:46.789431,"(211, 608)"
2024-02-18 23:51:47.118355,"(213, 567)"
2024-02-18 23:51:47.456872,"(215, 530)"
2024-02-18 23:51:47.846638,"(216, 500)"
2024-02-18 23:51:48.237876,"(218, 477)"
2024-02-18 23:51:48.620682,"(219, 463)"
2024-02-18 23:51:50.204028,"(239, 546)"
2024-02-18 23:51:50.705432,"(249, 602)"
2024-02-18 23:51:51.258311,"(260, 656)"
2024-02-18 23:51:52.536853,"(283, 657)"
2024-02-18 23:51:52.879825,"(288, 606)"
2024-02-18 23:51:53.303695,"(291, 563)"
2024-02-18 23:51:53.642397,"(295, 523)"
2024-02-18 23:51:53.964178,"(299, 490)"
2024-02-18 23:51:54.319241,"(303, 463)"
2024-02-18 23:51:54.892190,"(307, 442)"
2024-02-18 23:51:55.294619,"(311, 428)"
2024-02-18 23:51:55.641913,"(312, 434)"
2024-02-18 23:51:56.133447,"(311, 462)"
2024-02-18 23:51:56.470369,"(309, 505)"
2024-02-18 23:51:56.828857,"(307, 557)"
2024-02-18 23:51:57.195908,"(305, 606)"
2024-02-18 23:51:57.554144,"(302, 676)"
2024-02-18 23:51:57.950913,"(300, 736)"
2024-02-18 23:51:58.680952,"(290, 612)"
2024-02-18 23:51:59.056854,"(286, 570)"
2024-02-18 23:51:59.618764,"(282, 527)"
2024-02-18 23:51:59.948572,"(278, 491)"
2024-02-18 23:52:00.465090,"(274, 462)"
2024-02-18 23:52:00.788652,"(270, 452)"
2024-02-18 23:52:01.151151,"(265, 465)"
2024-02-18 23:52:01.475540,"(263, 495)"
2024-02-18 23:52:01.807943,"(262, 532)"
2024-02-18 23:52:02.187719,"(262, 577)"
2024-02-18 23:52:02.514338,"(260, 626)"
2024-02-18 23:52:02.909145,"(258, 679)"
2024-02-18 23:52:03.253016,"(260, 729)"
2024-02-18 23:52:03.587164,"(261, 666)"
2024-02-18 23:52:04.014232,"(262, 620)"
2024-02-18 23:52:04.441724,"(264, 582)"
2024-02-18 23:52:04.774299,"(265, 545)"
2024-02-18 23:52:05.101086,"(266, 515)"
2024-02-18 23:52:05.455117,"(268, 491)"
2024-02-18 23:52:05.777721,"(269, 473)"
2024-02-18 23:52:06.124374,"(271, 460)"
2024-02-18 23:52:06.460097,"(273, 466)"
2024-02-18 23:52:06.818329,"(273, 492)"
2024-02-18 23:52:07.186735,"(274, 536)"
2024-02-18 23:52:07.558750,"(276, 588)"
2024-02-18 23:52:07.934061,"(276, 642)"
2024-02-18 23:52:08.281554,"(278, 710)"
2024-02-18 23:52:08.727368,"(281, 682)"
2024-02-18 23:52:09.056128,"(278, 622)"
2024-02-18 23:52:09.440143,"(278, 577)"
2024-02-18 23:52:09.842426,"(279, 533)"
2024-02-18 23:52:10.206142,"(279, 494)"
2024-02-18 23:52:10.537292,"(279, 463)"
2024-02-18 23:52:11.269457,"(280, 435)"
2024-02-18 23:52:11.634665,"(280, 450)"
2024-02-18 23:52:12.189774,"(284, 485)"
2024-02-18 23:52:12.618553,"(292, 540)"
2024-02-18 23:52:13.615775,"(309, 663)"
2024-02-18 23:52:14.769770,"(323, 626)"
2024-02-18 23:52:15.343830,"(328, 572)"
2024-02-18 23:52:15.909979,"(332, 523)"
2024-02-18 23:52:16.509305,"(337, 480)"
2024-02-18 23:52:17.073882,"(342, 444)"
2024-02-18 23:52:17.664488,"(348, 414)"
2024-02-18 23:52:18.145845,"(352, 391)"
2024-02-18 23:52:18.530138,"(359, 386)"
2024-02-18 23:52:19.126234,"(360, 394)"
2024-02-18 23:52:20.195645,"(358, 452)"
2024-02-18 23:52:20.772565,"(356, 494)"
2024-02-18 23:52:21.135380,"(354, 541)"
2024-02-18 23:52:21.499946,"(353, 586)"
2024-02-18 23:52:22.604581,"(349, 708)"
2024-02-18 23:52:22.969542,"(346, 642)"
2024-02-18 23:52:23.342946,"(343, 594)"
2024-02-18 23:52:23.712236,"(341, 555)"
2024-02-18 23:52:24.273212,"(339, 517)"
2024-02-18 23:52:24.831141,"(336, 485)"
2024-02-18 23:52:25.279850,"(334, 459)"
2024-02-18 23:52:25.650993,"(330, 445)"
2024-02-18 23:52:25.998162,"(319, 456)"
2024-02-18 23:52:26.432234,"(300, 478)"
2024-02-18 23:52:26.809184,"(279, 510)"
2024-02-18 23:52:27.254492,"(260, 549)"
2024-02-18 23:52:27.589558,"(240, 588)"
2024-02-18 23:52:27.951277,"(218, 638)"
2024-02-18 23:52:28.522945,"(198, 701)"
2024-02-18 23:52:29.106179,"(184, 664)"
2024-02-18 23:52:29.546030,"(170, 617)"
2024-02-18 23:52:29.991680,"(158, 579)"
2024-02-18 23:52:30.391830,"(145, 547)"
2024-02-18 23:52:30.921383,"(133, 519)"
2024-02-18 23:52:31.285779,"(122, 499)"
2024-02-18 23:52:31.751609,"(120, 493)"
2024-02-18 23:52:32.105675,"(131, 508)"
2024-02-18 23:52:32.811413,"(188, 597)"
2024-02-18 23:52:33.173898,"(216, 649)"
2024-02-18 23:52:33.536887,"(250, 701)"
2024-02-18 23:52:33.868635,"(273, 643)"
2024-02-18 23:52:34.208421,"(296, 598)"
2024-02-18 23:52:34.542576,"(319, 559)"
2024-02-18 23:52:34.868115,"(342, 524)"
2024-02-18 23:52:35.212582,"(363, 497)"
2024-02-18 23:52:35.551376,"(381, 475)"
2024-02-18 23:52:35.895080,"(394, 463)"
2024-02-18 23:52:36.231342,"(394, 467)"
2024-02-18 23:52:36.635339,"(390, 484)"
2024-02-18 23:52:36.984157,"(376, 510)"
2024-02-18 23:52:37.315182,"(353, 554)"
2024-02-18 23:52:37.683076,"(329, 594)"
2024-02-18 23:52:38.072181,"(306, 649)"
2024-02-18 23:52:38.933450,"(255, 644)"
2024-02-18 23:52:39.259266,"(232, 597)"
2024-02-18 23:52:39.628843,"(211, 562)"
2024-02-18 23:52:39.974677,"(188, 530)"
2024-02-18 23:52:40.321890,"(167, 501)"
2024-02-18 23:52:40.672348,"(147, 481)"
2024-02-18 23:52:41.033344,"(136, 482)"
2024-02-18 23:52:41.418577,"(135, 496)"
2024-02-18 23:52:41.882686,"(148, 529)"
2024-02-18 23:52:42.250029,"(165, 574)"
2024-02-18 23:52:42.631257,"(182, 622)"
2024-02-18 23:52:43.472915,"(218, 671)"
2024-02-18 23:52:43.830780,"(232, 620)"
2024-02-18 23:52:44.185583,"(247, 581)"
2024-02-18 23:52:44.514641,"(261, 543)"
2024-02-18 23:52:44.847401,"(274, 511)"
2024-02-18 23:52:45.172038,"(288, 486)"
2024-02-18 23:52:45.497198,"(301, 466)"
2024-02-18 23:52:45.838250,"(306, 457)"
2024-02-18 23:52:46.171285,"(302, 464)"
2024-02-18 23:52:46.491848,"(292, 484)"
2024-02-18 23:52:46.850024,"(277, 511)"
2024-02-18 23:52:47.261564,"(259, 544)"
2024-02-18 23:52:47.675180,"(241, 581)"
2024-02-18 23:52:48.261322,"(222, 620)"
2024-02-18 23:52:48.821684,"(205, 670)"
2024-02-18 23:52:49.243386,"(192, 659)"
2024-02-18 23:52:49.593308,"(175, 620)"
2024-02-18 23:52:50.138700,"(162, 586)"
2024-02-18 23:52:50.455337,"(149, 554)"
2024-02-18 23:52:50.779843,"(137, 530)"
2024-02-18 23:52:51.103338,"(125, 510)"
2024-02-18 23:52:51.426392,"(122, 499)"
2024-02-18 23:52:51.759041,"(126, 501)"
2024-02-18 23:52:52.170371,"(136, 520)"
2024-02-18 23:52:52.513188,"(154, 552)"
2024-02-18 23:52:52.854504,"(174, 593)"
2024-02-18 23:52:53.554806,"(214, 694)"
2024-02-18 23:52:53.880329,"(229, 647)"
2024-02-18 23:52:54.235153,"(248, 603)"
2024-02-18 23:52:54.609580,"(263, 571)"
2024-02-18 23:52:54.947426,"(278, 541)"
2024-02-18 23:52:55.347590,"(294, 515)"
2024-02-18 23:52:55.705569,"(309, 495)"
2024-02-18 23:52:56.285248,"(324, 481)"
2024-02-18 23:52:57.510951,"(338, 490)"
2024-02-18 23:52:57.884729,"(327, 517)"
2024-02-18 23:52:58.221843,"(308, 556)"
2024-02-18 23:52:59.279552,"(243, 699)"
2024-02-18 23:52:59.658881,"(223, 642)"
2024-02-18 23:53:00.052428,"(207, 599)"
2024-02-18 23:53:00.485278,"(190, 567)"
2024-02-18 23:53:00.849098,"(173, 536)"
2024-02-18 23:53:01.210130,"(156, 511)"
2024-02-18 23:53:01.566976,"(139, 490)"
2024-02-18 23:53:01.959559,"(127, 480)"
2024-02-18 23:53:02.322727,"(125, 486)"
2024-02-18 23:53:02.936571,"(135, 506)"
2024-02-18 23:53:03.750730,"(175, 581)"
2024-02-18 23:53:04.104258,"(195, 621)"
2024-02-18 23:53:04.460381,"(216, 674)"
2024-02-18 23:53:05.000726,"(234, 675)"
2024-02-18 23:53:05.319010,"(251, 626)"
2024-02-18 23:53:05.645785,"(265, 591)"
2024-02-18 23:53:06.012071,"(280, 557)"
2024-02-18 23:53:06.354258,"(295, 530)"
2024-02-18 23:53:06.677787,"(310, 508)"
2024-02-18 23:53:07.003566,"(325, 491)"
2024-02-18 23:53:07.378191,"(336, 483)"
2024-02-18 23:53:07.754989,"(335, 494)"
2024-02-18 23:53:08.157455,"(325, 519)"
2024-02-18 23:53:08.636891,"(306, 559)"
2024-02-18 23:53:08.952412,"(288, 599)"
2024-02-18 23:53:09.280865,"(268, 648)"
2024-02-18 23:53:09.629197,"(248, 704)"
2024-02-18 23:53:09.955195,"(232, 655)"
2024-02-18 23:53:10.280579,"(216, 613)"
2024-02-18 23:53:10.622797,"(202, 579)"
2024-02-18 23:53:10.956307,"(185, 548)"
2024-02-18 23:53:12.350730,"(131, 491)"
2024-02-18 23:53:12.721248,"(124, 517)"
2024-02-18 23:53:13.118034,"(123, 562)"
2024-02-18 23:53:13.495821,"(120, 604)"
2024-02-18 23:53:14.662642,"(123, 633)"
2024-02-18 23:53:15.174718,"(125, 589)"
2024-02-18 23:53:15.537534,"(128, 553)"
2024-02-18 23:53:15.892680,"(131, 519)"
2024-02-18 23:53:16.337631,"(134, 491)"
2024-02-18 23:53:16.677237,"(136, 469)"
2024-02-18 23:53:16.999782,"(138, 460)"
2024-02-18 23:53:17.333577,"(139, 468)"
2024-02-18 23:53:17.771915,"(138, 494)"
2024-02-18 23:53:18.120557,"(137, 534)"
2024-02-18 23:53:18.448466,"(135, 580)"
2024-02-18 23:53:18.798965,"(134, 629)"
2024-02-18 23:53:19.632632,"(135, 667)"
2024-02-18 23:53:20.006535,"(137, 615)"
2024-02-18 23:53:20.387546,"(140, 576)"
2024-02-18 23:53:20.745852,"(144, 539)"
2024-02-18 23:53:21.168966,"(147, 508)"
2024-02-18 23:53:21.526893,"(149, 482)"
2024-02-18 23:53:21.900266,"(152, 466)"
2024-02-18 23:53:22.468681,"(153, 466)"
2024-02-18 23:53:22.860941,"(153, 480)"
2024-02-18 23:53:23.209303,"(151, 511)"
2024-02-18 23:53:23.594943,"(148, 554)"
2024-02-18 23:53:24.050360,"(145, 599)"
2024-02-18 23:53:24.420502,"(142, 656)"
2024-02-18 23:53:24.797932,"(139, 701)"
2024-02-18 23:53:25.163518,"(139, 644)"
2024-02-18 23:53:25.503156,"(140, 596)"
2024-02-18 23:53:25.850095,"(140, 560)"
2024-02-18 23:53:26.203191,"(140, 525)"
2024-02-18 23:53:26.565229,"(140, 497)"
2024-02-18 23:53:26.963882,"(140, 475)"
2024-02-18 23:53:27.375178,"(140, 461)"
2024-02-18 23:53:27.792001,"(139, 461)"
2024-02-18 23:53:28.177068,"(138, 474)"
2024-02-18 23:53:28.514249,"(138, 497)"
2024-02-18 23:53:28.858913,"(139, 532)"
2024-02-18 23:53:29.194937,"(139, 573)"
2024-02-18 23:53:29.531967,"(140, 613)"
2024-02-18 23:53:29.861735,"(141, 670)"
2024-02-18 23:53:30.226869,"(140, 695)"
2024-02-18 23:53:30.605665,"(143, 647)"
2024-02-18 23:53:30.941144,"(144, 602)"
2024-02-18 23:53:31.282432,"(146, 570)"
2024-02-18 23:53:31.751567,"(147, 539)"
2024-02-18 23:53:32.219975,"(149, 513)"
2024-02-18 23:53:32.653116,"(150, 494)"
2024-02-18 23:53:33.225383,"(152, 485)"
2024-02-18 23:53:33.805798,"(151, 496)"
2024-02-18 23:53:34.620234,"(146, 560)"
2024-02-18 23:53:34.997989,"(143, 600)"
2024-02-18 23:53:35.444662,"(140, 645)"
2024-02-18 23:53:35.843456,"(136, 707)"
2024-02-18 23:53:36.386367,"(137, 659)"
2024-02-18 23:53:36.840646,"(136, 614)"
2024-02-18 23:53:37.392422,"(135, 582)"
2024-02-18 23:53:37.979590,"(135, 549)"
2024-02-18 23:53:38.424224,"(133, 522)"
2024-02-18 23:53:40.218263,"(128, 486)"
2024-02-18 23:53:43.226947,"(119, 645)"
2024-02-18 23:53:44.188397,"(122, 637)"
2024-02-18 23:53:44.585625,"(125, 599)"
2024-02-18 23:53:45.004197,"(128, 568)"
2024-02-18 23:53:45.626600,"(132, 538)"
2024-02-18 23:53:45.995382,"(134, 514)"
2024-02-18 23:53:46.417224,"(137, 496)"
2024-02-18 23:53:46.764137,"(140, 495)"
2024-02-18 23:53:47.151049,"(140, 512)"
2024-02-18 23:53:47.526841,"(140, 544)"
2024-02-18 23:53:47.924095,"(140, 584)"
2024-02-18 23:53:48.277318,"(140, 623)"
2024-02-18 23:53:48.622144,"(138, 677)"
2024-02-18 23:53:48.947216,"(139, 673)"
2024-02-18 23:53:49.275398,"(140, 628)"
2024-02-18 23:53:49.651084,"(141, 591)"
2024-02-18 23:53:50.012280,"(142, 558)"
2024-02-18 23:53:50.363955,"(143, 531)"
2024-02-18 23:53:50.710062,"(144, 508)"
2024-02-18 23:53:51.056991,"(145, 491)"
2024-02-18 23:53:51.383337,"(145, 480)"
2024-02-18 23:53:51.719885,"(146, 480)"
2024-02-18 23:53:52.044134,"(147, 500)"
2024-02-18 23:53:52.395469,"(149, 533)"
2024-02-18 23:53:53.074473,"(153, 624)"
2024-02-18 23:53:53.440324,"(155, 678)"
2024-02-18 23:53:53.921187,"(156, 682)"
2024-02-18 23:53:54.277500,"(156, 633)"
2024-02-18 23:53:54.714187,"(157, 593)"
2024-02-18 23:53:55.097743,"(157, 556)"
2024-02-18 23:53:55.517058,"(157, 524)"
2024-02-18 23:53:56.059450,"(157, 498)"
2024-02-18 23:53:56.618792,"(156, 478)"
2024-02-18 23:53:57.087880,"(156, 466)"
2024-02-18 23:53:57.462036,"(156, 471)"
2024-02-18 23:53:57.820609,"(158, 502)"
2024-02-18 23:53:58.275760,"(160, 548)"
2024-02-18 23:53:58.615278,"(163, 594)"
2024-02-18 23:53:59.516774,"(168, 718)"
2024-02-18 23:53:59.930215,"(170, 650)"
2024-02-18 23:54:00.336355,"(172, 600)"
2024-02-18 23:54:00.709418,"(175, 563)"
2024-02-18 23:54:01.201907,"(177, 526)"
2024-02-18 23:54:01.551524,"(179, 493)"
2024-02-18 23:54:02.608831,"(186, 438)"
2024-02-18 23:54:02.961681,"(191, 449)"
2024-02-18 23:54:04.117446,"(206, 571)"
2024-02-18 23:54:04.864650,"(216, 686)"
2024-02-18 23:54:05.246063,"(221, 751)"
2024-02-18 23:54:05.614515,"(228, 682)"
2024-02-18 23:54:05.963505,"(235, 629)"
2024-02-18 23:54:06.330087,"(240, 586)"
2024-02-18 23:54:06.741173,"(246, 547)"
2024-02-18 23:54:07.090237,"(251, 514)"
2024-02-18 23:54:07.438210,"(257, 487)"
2024-02-18 23:54:07.810337,"(262, 466)"
2024-02-18 23:54:08.245380,"(268, 453)"
2024-02-18 23:54:08.602138,"(272, 450)"
2024-02-18 23:54:09.001182,"(273, 476)"
2024-02-18 23:54:09.374289,"(273, 524)"
2024-02-18 23:54:09.745806,"(273, 574)"
2024-02-18 23:54:10.097041,"(273, 622)"
2024-02-18 23:54:10.445019,"(273, 687)"
2024-02-18 23:54:11.004563,"(273, 728)"
2024-02-18 23:54:11.704219,"(273, 612)"
2024-02-18 23:54:12.053366,"(273, 568)"
2024-02-18 23:54:12.463312,"(272, 529)"
2024-02-18 23:54:12.812132,"(271, 497)"
2024-02-18 23:54:13.194204,"(271, 471)"
2024-02-18 23:54:13.538145,"(271, 453)"
2024-02-18 23:54:13.925992,"(269, 444)"
2024-02-18 23:54:14.370154,"(264, 458)"
2024-02-18 23:54:14.715164,"(260, 488)"
2024-02-18 23:54:15.093108,"(254, 531)"
2024-02-18 23:54:15.445150,"(248, 582)"
2024-02-18 23:54:15.799012,"(243, 635)"
2024-02-18 23:54:16.209047,"(234, 703)"
2024-02-18 23:54:16.658250,"(234, 660)"
2024-02-18 23:54:17.012021,"(234, 607)"
2024-02-18 23:54:17.438107,"(235, 566)"
2024-02-18 23:54:17.829085,"(234, 525)"
2024-02-18 23:54:18.215664,"(234, 491)"
2024-02-18 23:54:19.100874,"(232, 445)"
2024-02-18 23:54:19.715973,"(227, 447)"
2024-02-18 23:54:20.365601,"(217, 467)"
2024-02-18 23:54:20.936586,"(207, 507)"
2024-02-18 23:54:21.478686,"(195, 558)"
2024-02-18 23:54:23.130928,"(163, 644)"
2024-02-18 23:54:23.492607,"(164, 591)"
2024-02-18 23:54:23.833596,"(164, 545)"
2024-02-18 23:54:24.169655,"(164, 504)"
2024-02-18 23:54:24.587386,"(164, 469)"
2024-02-18 23:54:24.930768,"(164, 440)"
2024-02-18 23:54:25.266990,"(164, 418)"
2024-02-18 23:54:25.635192,"(166, 408)"
2024-02-18 23:54:26.149591,"(170, 414)"
2024-02-18 23:54:26.473695,"(177, 434)"
2024-02-18 23:54:26.819165,"(188, 472)"
2024-02-18 23:54:27.176892,"(199, 520)"
2024-02-18 23:54:27.693201,"(209, 567)"
2024-02-18 23:54:28.388884,"(230, 698)"
2024-02-18 23:54:29.793436,"(251, 538)"
2024-02-18 23:54:30.185190,"(258, 496)"
2024-02-18 23:54:30.613809,"(264, 461)"
2024-02-18 23:54:33.116018,"(235, 512)"
2024-02-18 23:54:33.459409,"(225, 553)"
2024-02-18 23:54:34.225308,"(204, 662)"
2024-02-18 23:54:34.596479,"(203, 619)"
2024-02-18 23:54:34.974263,"(204, 574)"
2024-02-18 23:54:35.318799,"(205, 535)"
2024-02-18 23:54:35.857789,"(205, 499)"
2024-02-18 23:54:36.196583,"(205, 469)"
2024-02-18 23:54:37.330330,"(208, 413)"
2024-02-18 23:54:37.665823,"(212, 415)"
2024-02-18 23:54:38.342952,"(226, 452)"
2024-02-18 23:54:38.689353,"(232, 490)"
2024-02-18 23:54:39.031049,"(240, 534)"
2024-02-18 23:54:39.380449,"(245, 585)"
2024-02-18 23:54:39.740739,"(249, 634)"
2024-02-18 23:54:40.117499,"(250, 579)"
2024-02-18 23:54:40.464552,"(248, 539)"
2024-02-18 23:54:40.891995,"(248, 502)"
2024-02-18 23:54:41.294186,"(246, 468)"
2024-02-18 23:54:42.704537,"(235, 406)"
2024-02-18 23:54:43.111093,"(232, 409)"
2024-02-18 23:54:43.481674,"(230, 417)"
2024-02-18 23:54:43.848510,"(226, 436)"
2024-02-18 23:54:44.194583,"(222, 463)"
2024-02-18 23:54:44.534634,"(218, 497)"
2024-02-18 23:54:44.877456,"(213, 530)"
2024-02-18 23:54:45.694738,"(205, 626)"
2024-02-18 23:54:46.028084,"(202, 624)"
2024-02-18 23:54:46.364755,"(199, 580)"
2024-02-18 23:54:46.701645,"(196, 542)"
2024-02-18 23:54:47.036179,"(193, 514)"
2024-02-18 23:54:47.541471,"(190, 487)"
2024-02-18 23:54:47.920304,"(186, 464)"
2024-02-18 23:54:48.253050,"(183, 448)"
2024-02-18 23:54:48.590571,"(179, 442)"
2024-02-18 23:54:48.926908,"(174, 462)"
2024-02-18 23:54:49.265967,"(165, 506)"
2024-02-18 23:54:50.372677,"(139, 650)"
2024-02-18 23:54:50.708056,"(135, 596)"
2024-02-18 23:54:51.045609,"(130, 548)"
